Forward,Cluster_Mode
James Neal,1
Frans Nielsen,2
Clarke MacArthur,1
Ryan O'Reilly,2
Jesse Joensuu,0
PA Parenteau,4
Peter Mueller,4
Peter Regin,0
Jim Slater,8
Ben Eager,0
Steve Reinprecht,3
David Krejci,2
Alexei Ponikarovsky,1
Jussi Jokinen,1
Max Talbot,3
Erik Cole,1
Rostislav Olesz,0
TJ Galiardi,6
Kenndal McArdle,0
Glen Metropolit,4
Zach Parise,1
Tyler Bozak,2
Quintin Laing,0
Rob Schremp,0
Colton Orr,5
Brian Rolston,4
Mason Raymond,1
Guillaume Latendresse,5
Nick Tarnasky,5
Steve Bernier,8
Jared Boll,5
Sam Gagner,6
Jannik Hansen,3
Mark Mancari,0
Darren Helm,3
Ben Maxwell,0
Kris Newbury,0
Todd Bertuzzi,1
Mike Comrie,4
Pavel Datsyuk,1
Steven Goertzen,0
Daniel Alfredsson,4
Jarkko Ruutu,8
Troy Brouwer,1
Justin Mercier,0
Triston Grant,0
Jason Jaffray,0
Niclas Bergfors,0
Brad Winchester,6
Brian Boyle,3
Teemu Selanne,1
Jared Ross,0
Mario Bliznak,0
Patric Hornqvist,1
Jochen Hecht,1
Vinny Prospal,1
David Backes,2
Matt Martin,8
Derek Dorsett,6
Ryan Kesler,7
Andrew Peters,5
John Mitchell,3
Petr Kalus,0
Derek Roy,4
Todd White,0
Darren Haydar,0
Perttu Lindgren,0
Michal Repik,5
DJ King,0
Kris Versteeg,1
Paul Kariya,0
Valtteri Filppula,3
Francis Wathier,0
Andre Deveaux,0
Guillaume Lefebvre,0
Mattias Ritola,0
Lars Eller,3
Mikko Lehtonen,0
Richard Park,2
Guillaume Desbiens,0
JT Wyman,0
Sean Avery,0
Rich Clune,0
Maxim Afinogenov,1
Gilbert Brule,0
Jordin Tootoo,6
Raymond Sawada,0
Andrew Brunette,1
Brandon Bochenski,0
Brett Sutter,0
Alex Ovechkin,7
Tim Connolly,3
Chris Kelly,3
Kris Draper,3
Zach Boychuk,0
Kyle Chipchura,8
Alexandre Giroux,0
Kamil Kreps,3
Josh Hennessy,0
Mike Blunden,0
Toby Petersen,6
Mikhail Grabovski,1
Marian Gaborik,4
Nazem Kadri,7
John Tavares,7
Ray Whitney,1
Sergei Kostitsyn,4
Peter Olvecky,0
Justin Williams,1
Dave Scatchard,0
Joel Ward,1
Petr Sykora,1
Mikko Koivu,2
Brian Gionta,1
Maxim Lapierre,8
Patrick O'Sullivan,5
Colin McDonald,0
Ruslan Fedotenko,4
Drayson Bowman,0
Vladimir Sobotka,3
Jere Lehtinen,4
Tyler Ennis,6
Georges Laraque,5
Steven Zalewski,0
Nate Thompson,3
Eric Boulton,0
Rick Rypien,0
Vladimir Zharkov,5
David Booth,4
Ryan Jones,6
Aaron Voros,0
Ryan Stone,0
Andrew Ladd,7
Nathan Smith,0
Daniel Winnik,3
Rick Nash,7
Oscar Moller,0
Drew Larman,0
Andrew Ebbett,5
Brian Willsie,0
Derek MacKenzie,8
Alex Tanguay,3
Curtis Glencross,3
Trevor Gillies,0
Brad Richards,7
Pascal Dupuis,3
Teddy Purcell,1
Stephen Weiss,2
Nicklas Backstrom,2
Rickard Wallin,8
Mark Parrish,0
Radim Vrbata,1
Derek Boogaard,5
Jiri Tlusty,4
Aaron Gagnon,0
Jarome Iginla,7
Shane Doan,1
Alex Frolov,1
Logan Couture,7
Blair Jones,0
Sean Bergenheim,4
Brandon Sutter,2
Micheal Haley,0
T.J. Hensick,0
Kristian Huselius,1
Tim Jackman,8
Dwight Helminen,0
Dane Byers,0
Ryan Stoa,0
Michael Frolik,1
Mikael Backlund,2
Matt Halischuk,5
Torrey Mitchell,8
Eric Godard,0
Tuomo Ruutu,1
Erik Christensen,8
Ryan Potulny,0
Mike Brown,6
Nikita Filatov,0
Kyle Wilson,0
Martin Havlat,6
Martin St Pierre,0
Jonathan Toews,7
Liam Reddox,6
John McCarthy,0
Tim Brent,0
Zach Hamill,0
Tom Kostopoulos,3
Ian Laperriere,3
Daniel Cleary,1
Jason Williams,0
Jesse Winchester,8
Drew Stafford,1
Robert Nilsson,4
Krys Barch,5
Daniel Sedin,1
Manny Malhotra,3
Ryan Carter,6
Colin Wilson,4
Chris Minard,0
Jarret Stoll,3
Cody McLeod,8
Brooks Laich,2
Dustin Jeffrey,5
Jon Kalinski,0
Pierre-Luc Letourneau-Leblond,0
Fabian Brunnstrom,6
Paul Stastny,2
Shean Donovan,5
Derick Brassard,1
Michael Grabner,3
Corey Elkins,0
Mark Recchi,1
Andreas Nodl,0
Mike Duco,0
Chris Clark,5
Todd Fedoruk,5
Jordan Staal,2
Viktor Stalberg,8
Darroll Powe,3
David Koci,5
Robert Lang,4
Henrik Sedin,2
David Desharnais,2
Tom Sestito,0
Frazer McLaren,5
R.J. Umberger,2
Adam Burish,0
Ryan Craig,0
Nikolay Kulemin,3
Joel Perrault,0
Steve Sullivan,1
Alexander Steen,1
Sergei Samsonov,1
Kyle Brodziak,3
Dominic Moore,3
Nick Bonino,3
Troy Bodie,6
James Sheppard,8
Jon Sim,5
Arron Asham,5
Greg Mauldin,0
Chris Kunitz,1
Patrick Dwyer,3
Max Pacioretty,1
Zack Smith,3
Trent Whitfield,0
Marek Svatos,4
Warren Peters,0
Patrick Eaves,0
Michal Handzus,2
Blake Wheeler,7
Scottie Upshall,8
Benoit Pouliot,4
Michael Ryder,1
Antoine Vermette,2
Matt Cooke,3
Matt Beleskey,6
T.J. Oshie,1
Justin Abdelkader,1
Mike Grier,3
Paul Bissonnette,5
Pierre-Marc Bouchard,4
Philippe Dupuis,0
David Legwand,2
Tim Kennedy,0
Lee Stempniak,1
Matthew Lombardi,1
Keith Tkachuk,1
Dan Sexton,6
Dainius Zubrus,3
Chad Kolarik,0
Jamie McGinn,5
Ville Leino,0
Rene Bourque,1
Fredrik Sjostrom,8
Chris Higgins,1
Craig Adams,8
Jason Spezza,1
Patrick Kaleta,6
Chris Drury,2
Petteri Nokelainen,6
Ales Kotalik,1
Jack Skille,6
Eric Staal,7
Blake Comeau,3
Phil Kessel,7
Daniel Briere,6
Trevor Frischmon,0
Vincent Lecavalier,1
Adam Mair,6
Scott Gomez,6
Jason Pominville,1
Joe Pavelski,7
Vernon Fiddler,3
Jamie Lundmark,5
Kyle Okposo,1
Brad Staubitz,5
Rich Peverley,2
Dean McAmmond,8
Brad Richardson,3
Mike Fisher,2
Bryan Little,2
Cal O'Reilly,0
Mathieu Perreault,4
Taylor Pyatt,3
Danny Irmen,0
Maksim Mayorov,0
Joe Thornton,2
Matt Bradley,6
Patrik Berglund,3
Jake Dowell,0
Jay McClement,3
Mikael Samuelsson,1
Drew Miller,3
Matt Stajan,8
Bill Guerin,1
Scott Hartnell,1
Antti Miettinen,1
Mike Knuble,1
Scott Nichol,6
Tomas Fleischmann,4
Jerred Smithson,3
Nigel Dawes,0
Jonathan Cheechoo,4
Tom Pyatt,6
Chuck Kobasew,5
Shawn Thornton,8
Ryane Clowe,1
Chris Neil,8
Ryan Vesce,0
David Laliberte,0
Simon Gagne,6
Daniel Paille,8
Enver Lisin,6
Kirk Maltby,6
Cody Almond,0
Tom Wandell,0
Craig Conroy,3
Radek Smolenak,0
Todd Marchant,3
Bobby Ryan,1
Eric Tangradi,0
Rod Pelley,5
Alexandre Bolduc,0
Matt Duchene,2
Wade Belak,5
Andy Hilbert,0
Eric Nystrom,8
Mike Ribeiro,2
Brandon Yip,5
James Wright,6
Dany Heatley,7
Corey Locke,0
Olli Jokinen,1
Brandon Segal,0
Ben Walter,0
George Parros,5
Tim Stapleton,0
Andrei Kostitsyn,4
Sergei Shirokov,0
Andrew Gordon,0
Steve Downie,1
Jay Rosehill,5
Tomas Kana,0
Brandon Prust,6
Chris Bourque,5
Johan Franzen,1
Paul Gaustad,3
Kevin Porter,5
B.J. Crombeen,6
Luca Caputi,0
Boyd Kane,0
John Scott,5
Martin St. Louis,7
Mikkel Boedker,3
Christian Hanson,0
Shawn Matthias,3
Milan Hejduk,1
David Jones,6
Bobby Butler,0
Greg Moore,0
Andrew Cogliano,3
Zenon Konopka,6
Kyle Calder,0
Tim Wallace,0
David Steckel,3
Brad Marchand,7
Petr Prucha,0
Jay Beagle,8
Ales Hemsky,1
Jason Chimera,3
Brock Trotter,0
Cam Janssen,5
Travis Zajac,2
Mike Rupp,6
Ryan O'Marra,0
Loui Eriksson,2
Cory Stillman,4
Nick Johnson,0
Rod Brind'Amour,2
Darcy Hordichuk,5
Mika Pyorala,5
David Clarkson,4
Marc-Antoine Pouliot,0
J-P Dumont,1
Thomas Vanek,1
Doug Weight,4
Niklas Hagman,1
Marcel Goc,3
Ryan Johnson,5
Tanner Glass,0
Ryan Smyth,1
Steve MacIntyre,0
Martin Hanzal,1
Henrik Zetterberg,7
Jeff Tambellini,6
Jay Pandolfo,8
Steve Ott,1
Wayne Simmonds,1
Dustin Brown,1
Chad LaRose,1
Steven Stamkos,7
Trent Hunter,4
Andrew Murray,5
Tyler Kennedy,4
Fernando Pisani,6
Mathieu Darche,6
Ryan Shannon,8
Claude Giroux,7
Patrick Kane,7
Evgeny Dadonov,0
Jody Shelley,6
Andrei Loktionov,5
Stephane Yelle,8
Andy McDonald,1
Chris Thorburn,8
Derek Armstrong,0
Jason Blake,1
Mike Richards,2
Casey Wellman,0
Ilkka Pikkarainen,5
Brian Sutherby,5
Nick Palmieri,0
Marco Sturm,6
Bryan Bickell,0
Matt Ellis,6
Mark Letestu,3
Ryan Callahan,1
Brendan Morrison,3
Ryan Malone,1
Eric Belanger,3
Nick Foligno,1
Jamal Mayers,8
Corey Perry,1
Radek Dvorak,3
Matt D'Agostini,6
Eric Fehr,6
Matt Hendricks,8
Blair Betts,8
Keith Aucoin,0
Wojtek Wolski,5
Cal Clutterbuck,3
Nik Antropov,3
Martin Erat,1
Josh Bailey,3
Kyle Wellwood,4
Jeff Halpern,8
Evander Kane,1
Jerome Samson,5
Wayne Primeau,5
Patrick Sharp,7
Brad Boyes,4
Jeff Carter,7
Raitis Ivanans,0
Jakub Voracek,1
Pavol Demitra,1
Dave Bolland,3
Owen Nolan,3
Trevor Lewis,3
Jamie Langenbrunner,1
Daymond Langkow,3
Yan Stastny,0
Brian McGrattan,0
James van Riemsdyk,4
Miroslav Satan,4
Matt Pettinger,0
Marc-Andre Cliche,8
Joel Rechlicz,0
Andreas Thuresson,0
Gregory Stewart,0
Jason Arnott,1
Chris Stewart,4
Gregory Campbell,8
Steve Begin,8
David Perron,1
Marian Hossa,1
Boyd Gordon,8
Vyacheslav Kozlov,1
Ethan Moreau,3
Ryan Getzlaf,2
Chris Conner,0
Rob Niedermayer,3
Samuel Pahlsson,3
Alexander Semin,1
Evgeni Malkin,1
Patrick Davis,0
Dustin Boyd,8
Brayden Irwin,0
Evgeny Artyukhin,6
Dustin Penner,4
Kaspars Daugavins,0
Victor Oreskovich,0
Matt Moulson,1
MacGregor Sharp,0
Marty Reasoner,3
Robbie Earl,0
Jamie Benn,7
Michael Cammalleri,1
Daniel Carcillo,5
Byron Bitz,0
Donald Brashear,5
Scott Parse,0
Nick Spaling,3
Darcy Tucker,8
Patrick Marleau,7
Ryan Keller,0
Anze Kopitar,2
Stephane Veilleux,5
Brad May,5
Alexandre Burrows,1
Colby Armstrong,3
Joffrey Lupul,1
Paul Szczechura,0
Raffi Torres,6
Artem Anisimov,2
Scott Walker,5
Riley Cote,0
Jeff Hoggan,0
Alex Kovalev,1
David Moss,4
Milan Michalek,1
John Madden,3
Brandon Dubinsky,2
Mike Santorelli,5
Mike Modano,2
Benn Ferriero,5
Oskar Osala,0
Lauri Korpikoski,3
Freddy Modin,6
Tomas Kopecky,6
Zack Stortini,0
Jean-Francois Jacques,0
Patrik Elias,4
Colin Fraser,8
Brayden Schenn,1
Matt Cullen,3
Devin Setoguchi,1
Tomas Plekanec,2
Shawn Horcoff,2
Patrice Bergeron,2
Tomas Holmstrom,4
Jed Ortmeyer,0
Nathan Gerbe,0
Nathan Horton,1
Travis Moen,3
Brenden Morrow,6
Chris Durno,0
Ilya Kovalchuk,7
Ben Guite,0
Milan Lucic,1
Alexandre Picard,0
Tim Sestito,0
Saku Koivu,2
Jeff Taffe,0
Charles Linglet,0
Ryan White,5
Marc Savard,5
Sidney Crosby,7
Lawson Crouse,8
Trent Frederic,0
Auston Matthews,7
Andrew Shaw,1
Jordan Weal,8
Brett Ritchie,5
Anton Blidh,0
Leo Komarov,3
Kevin Fiala,1
Dmitrij Jaskin,0
Nick Cousins,8
Johan Larsson,3
Artturi Lehkonen,1
Andrew Mangiapane,1
Valeri Nichushkin,1
Anthony Peluso,0
Mattias Janmark,8
Andrei Svechnikov,1
Pierre-Edouard Bellemare,3
Michael Amadio,5
Victor Olofsson,1
Chris Wagner,0
Robert Thomas,2
Colin Blackwell,6
Sam Reinhart,1
Frank Vatrano,6
Nick Ritchie,4
Adam Johnson,0
Ryan Dzingel,1
Dominik Simon,0
John Hayden,6
Kalle Kossila,0
Tyler Pitlick,6
Sam Bennett,1
Joseph Gambardella,0
Juho Lammikko,6
Mitchell Marner,1
Joseph Blandisi,0
Brendan Perlini,5
Oskar Sundqvist,0
Ryan Poehling,8
Gemel Smith,0
Erik Condra,0
Bryan Rust,1
Leon Draisaitl,7
Dylan Sikura,0
Gustav Nyquist,1
Jesper Bratt,4
Alexander Radulov,0
Vinnie Hinostroza,5
Mario Kempe,5
Boone Jenner,2
Reid Boucher,0
Jason Dickinson,8
Brett Connolly,0
Michael Bunting,1
Alexander Kerfoot,4
Nico Sturm,0
Adam Lowry,3
Devante Smith-Pelly,6
Ty Rattie,0
Roope Hintz,4
Brendan Leipsic,8
Colton Sceviour,3
Filip Zadina,5
Oscar Lindberg,8
Maxim Mamin,0
Tom Kuhnhackl,6
Carter Rowney,5
Dylan Larkin,2
Justin Kloos,0
Pavel Zacha,4
Ryan Spooner,4
Daniel Carr,0
Anthony Mantha,4
Charles Hudon,0
Tomas Hertl,4
Cedric Paquette,8
Victor Rask,6
Johnny Gaudreau,7
Nick Schmaltz,4
Zack Kassian,6
Nolan Patrick,3
Brendan Gallagher,1
Dillon Dube,6
Bo Horvat,2
Josh Archibald,8
Artemi Panarin,7
Lias Andersson,0
Tim Schaller,6
Cody Eakin,2
Dylan Gambrell,8
Alex Chiasson,8
Vincent Trocheck,7
Nathan MacKinnon,7
J.T. Brown,6
John Quenneville,0
Antoine Roussel,3
Pontus Aberg,0
Jack Roslovic,4
Magnus Paajarvi,6
Vladislav Namestnikov,3
Ryan Donato,4
Paul Byron,5
Garnet Hathaway,8
Alex Formenton,0
Austin Wagner,6
Kyle Palmieri,1
Max Veronneau,0
William Karlsson,2
Chris Tierney,3
Jaret Anderson-Dolan,0
David Kampf,3
Garrett Wilson,0
Max Jones,8
Alexandre Fortin,5
Jean-Sebastien Dea,0
Saku Maenalanen,5
Kevin Roy,0
Adrian Kempe,3
Mackenzie MacEachern,5
Brett Seney,0
Miikka Salomaki,0
Steven Fogarty,0
Taylor Hall,1
Henrik Borgstrom,0
Teddy Blueger,8
Gabriel Landeskog,1
Jake Virtanen,6
Mikhail Vorobyev,0
Kyle Rau,0
Jakub Vrana,5
Conor Sheary,3
Kyle Clifford,8
Colby Cave,0
Tyler Motte,5
Paul Carey,0
Scott Laughton,8
Joel Eriksson Ek,8
Adam Cracknell,0
Derek Grant,8
Nic Petan,0
Brandon Tanev,3
Patrick Russell,0
Viktor Arvidsson,1
Radek Faksa,3
Zac Rinaldo,6
Erik Haula,2
Brandon Pirri,0
Lukas Sedlak,6
Phillip Di Giuseppe,5
Zach Sanford,5
Jimmy Vesey,3
Tyrell Goulbourne,0
David Pastrnak,7
Kenny Agostino,0
Sonny Milano,0
Timo Meier,7
Nicolas Deslauriers,6
Colin White,5
Phil Varone,0
Nikolaj Ehlers,1
Luke Witkowski,5
Tanner Pearson,1
Jonathan Drouin,1
Chris Kreider,1
Marcus Sorensen,5
Nick Bjugstad,0
Cam Atkinson,1
Dominic Turgeon,0
Josh Anderson,1
Jonathan Huberdeau,1
Michael Rasmussen,3
Curtis Lazar,6
Dominic Toninato,0
Tomas Nosek,8
Christian Fischer,6
Max Domi,2
Danick Martel,0
Alex Iafallo,3
Logan Brown,0
Vladislav Kamenev,0
Anthony Greco,0
Denis Malgin,6
Evgeny Kuznetsov,2
Logan O'Connor,0
Ryan Carpenter,0
Filip Chytil,4
Alan Quine,0
Brock Nelson,2
J.T. Compher,3
Timothy Gettinger,0
J.T. Miller,2
Andrew Copp,2
Troy Terry,6
Jujhar Khaira,8
Markus Hannikainen,0
Nick Lappin,0
Rourke Chartier,0
Blake Lizotte,8
Peter Cehlarik,0
Matthew Tkachuk,1
Martin Frk,0
Tomas Tatar,1
Connor Brown,2
Rocco Grimaldi,0
Kailer Yamamoto,4
Kyle Turris,4
Pierre-Luc Dubois,2
Pat Maroon,8
Nico Hischier,2
Jonathan Marchessault,1
Colton Sissons,3
Nikita Scherbak,0
Greg McKegg,0
Wade Megan,0
Jack Rodewald,0
Conor Garland,1
Danton Heinen,4
Jaden Schwartz,1
Stefan Noesen,0
Nicolas Roy,0
Matthew Peca,0
Michael Chaput,0
Alex Galchenyuk,1
Brett Howden,3
Martin Necas,0
Brock Boeser,1
Jakob Forsbacka Karlsson,0
Richard Panik,1
Tomas Hyka,0
Micheal Ferland,8
Frederick Gaudreau,3
Sammy Blais,0
Jared McCann,1
Josh Leivo,0
Nick Paul,0
Taro Hirose,0
Brendan Gaunce,0
Evgenii Dadonov,1
Evan Rodrigues,6
Zach Aston-Reese,8
Anthony Cirelli,2
Dale Weise,6
Mathieu Joseph,8
Danny O'Regan,0
Joel Armia,6
Tage Thompson,6
Jordan Nolan,6
Matt Nieto,8
Kerby Rychel,0
Scott Wilson,0
Max McCormick,0
Kevin Stenlund,0
Joey Anderson,0
Sven Andrighetto,6
Mikko Rantanen,7
Lucas Wallmark,0
Sheldon Dries,0
Tyson Jost,3
Miles Wood,4
Anthony Beauvillier,1
Jordan Greenway,8
Jake Guentzel,7
Matt Read,1
Noel Acciari,5
Vladimir Tarasenko,7
Luke Johnson,0
Marcus Kruger,3
Drake Batherson,4
Andreas Martinsen,6
Anders Lee,1
Sven Baertschi,0
Joel L'Esperance,0
Corban Knight,0
Marcus Johansson,1
Jason Zucker,1
Matt Calvert,3
Jesse Puljujarvi,4
Michael McLeod,3
Ross Johnston,0
Ryan Lomberg,0
Jakob Silfverberg,1
Par Lindholm,0
Sheldon Rempal,0
Nic Dowd,8
Oliver Bjorkstrand,4
Brayden Point,7
Jacob Nilsson,0
Kasperi Kapanen,3
Kevin Hayes,2
Nikita Soshnikov,0
Nicolas Aube-Kubel,6
Jayce Hawryluk,5
Travis Boyd,5
Brandon Gignac,0
Teuvo Teravainen,1
Mark Scheifele,7
Alexandre Texier,0
Connor McDavid,7
Derek Ryan,4
Chase De Leo,0
Carl Hagelin,8
Adam Gaudette,6
Anders Bjork,6
Filip Forsberg,1
Oskar Lindblom,3
Warren Foegele,3
Ivan Barbashev,2
Zack MacEwen,0
Tyler Toffoli,1
Filip Chlapik,0
Rem Pitlick,0
Max Comtois,0
Clayton Keller,1
Blake Coleman,1
Luke Glendening,3
Marko Dano,5
Yanni Gourde,1
Jesperi Kotkaniemi,8
Vinni Lettieri,5
Luke Kunin,3
Elias Lindholm,2
Travis Konecny,1
Josh Currie,0
Andre Burakovsky,4
Joonas Donskoi,4
Mathew Barzal,2
Phillip Danault,2
Dominik Kahun,6
Christian Dvorak,3
Andreas Johnsson,0
Joakim Nordstrom,3
Nikita Kucherov,7
Charlie Coyle,1
Ryan Nugent-Hopkins,2
Cooper Marody,0
Daniel Sprong,0
Casey Cizikas,3
Brandon Saad,1
Kurtis Gabriel,0
Austin Watson,6
Rickard Rakell,1
Christoffer Ehn,6
Mikael Granlund,1
Mark Stone,1
Alex Killorn,1
Kole Sherwood,0
Adam Erne,5
Nikolay Goldobin,0
Mike Hoffman,1
Laurent Dauphin,0
Kevin Labanc,1
Carl Grundstrom,6
Reilly Smith,1
Kevin Rooney,0
Trevor Moore,1
Sean Couturier,2
Aleksander Barkov,7
Denis Gurianov,4
Zach Senyshyn,0
Derek Stepan,2
Lukas Radil,0
William Nylander,1
Ryan Hartman,0
Justin Dowling,5
Tobias Rieder,3
Matt Puempel,0
Marcus Foligno,8
Sean Monahan,2
Kyle Connor,7
Patrik Laine,1
Sebastian Aho,7
Jean-Gabriel Pageau,2
Brady Tkachuk,7
Matt Luff,5
Jake DeBrusk,4
Isac Lundestrom,0
Antti Suomela,5
Alexander Wennberg,3
Ryan Reaves,8
Ryan Johansen,2
Ben Street,0
Zemgus Girgensons,3
Sam Steel,4
Riley Nash,3
Clark Bishop,0
Eric Robinson,0
Adam Henrique,2
Markus Granlund,3
Jack Eichel,7
Zac Dalpe,0
Austin Czarnik,0
Riley Sheahan,3
Alex Tuch,1
Rudolfs Balcers,6
Jeff Skinner,7
Mats Zuccarello,1
Pavel Buchnevich,1
Jordan Kyrou,0
Alexander Nylander,0
Tyler Johnson,2
Devin Shore,3
Michael Dal Colle,0
Jesper Fast,3
Calle Jarnkrok,3
C.J. Smith,0
Michael Raffl,8
Mark Jankowski,6
Barclay Goodrow,3
Kristian Vesalainen,0
Tanner Fritz,0
Carl Soderberg,2
Sean Kuraly,3
Kiefer Sherwood,0
Tom Wilson,3
Vitaly Abramov,0
Karson Kuhlman,5
Nathan Walker,0
Jordan Eberle,1
Blake Pietila,0
Jonny Brodzinski,0
Darren Archibald,0
Anthony Richard,0
Mika Zibanejad,2
Jori Lehtera,3
Frederik Gauthier,0
Dylan Strome,2
Tyler Seguin,7
Ryan Strome,2
A.J. Greer,0
Valentin Zykov,0
Brendan Lemieux,6
Justin Bailey,0
Casey Mittelstadt,6
Robby Fabbri,4
Nino Niederreiter,1
Chandler Stephenson,0
Remi Elie,0
Nathan Bastian,6
Brian Gibbons,5
Ondrej Kase,4
Janne Kuokkanen,0
Melker Karlsson,8
Cory Conacher,0
Ryan Kuffner,0
Andrew Agozzino,0
Zach Hyman,2
Stephen Gionta,0
Drake Caggiula,8
Connor Brickley,0
Elias Pettersson,1
William Carrier,5
Brock McGinn,8
Jordan Martinook,3
Craig Smith,1
Alex DeBrincat,7
Gabriel Bourque,6
Brad Malone,0
Jacob de la Rose,0
Eeli Tolvanen,0
Dryden Hunt,5
Joshua Ho-Sang,5
Ondrej Palat,4
Andreas Athanasiou,4
Mason Appleton,6
Boo Nieves,0
Sam Carrick,0
Anthony Duclair,1
Tyler Bertuzzi,0
Jayson Megna,0
Givani Smith,5
Aleksi Saarela,0
Keegan Kolesar,0
Dalton Smith,0
Michael Sgarbossa,0
Anthony Angello,0
Yakov Trenin,3
Jansen Harkins,5
Stefan Matteau,0
Klim Kostin,0
Austin Poganski,0
Nicholas Shore,6
Kaapo Kakko,6
Jason Robertson,7
Alexander True,0
Matthew Highmore,0
Lukas Vejdemo,0
Nick Caamano,0
Egor Korshkov,0
Sam Lafferty,3
Kieffer Bellows,0
Jakob Lilja,5
T.J. Tynan,0
Carsen Twarynski,0
Joel Farabee,2
Emil Bemstrom,6
Mitchell Stephens,5
Nikita Gusev,4
Julien Gauthier,6
Rhett Gardner,0
Joachim Blichfeld,0
Ryan MacInnis,0
Morgan Geekie,8
Gaetan Haas,5
Liam Foudy,0
Andrei Chibisov,0
Dmytro Timashov,0
Buddy Robinson,0
German Rubtsov,0
Gabriel Dumont,0
Carter Verhaeghe,1
David Kase,0
Mathieu Olivier,0
Gerald Mayhew,0
Cole Bardreau,0
Nicholas Merkley,0
Josh Norris,0
Jonathan Davidsson,0
Thomas Di Pauli,0
CJ Suess,0
Scott Sabourin,0
Jordan Szwarz,0
Cameron Hughes,0
Jack Studnicka,0
Jack Hughes,4
Riley Barber,0
Maxim Letunov,0
Kirby Dach,4
Morgan Frost,0
Barrett Hayton,0
Tyler Graovac,0
Evgeny Svechnikov,0
Gage Quinney,0
Andy Andreoff,0
Jake Evans,0
Cody Glass,0
Alex Nylander,0
Otto Koivula,0
Joel Kiviranta,0
Joel Kellman,0
Eetu Luostarinen,0
J.C. Beaudin,5
Adam Brooks,0
Oliver Wahlstrom,6
Calvin Thurkauf,0
Tyler Benson,0
Lean Bergmann,0
Ilya Mikheyev,4
Gabriel Vilardi,0
Beck Malenstyn,0
Mason Marchment,4
David Gustafsson,0
Nikolai Prokhorkin,6
Joona Luoto,0
Anton Wedin,0
Nick Suzuki,2
Pierre Engvall,4
Rasmus Asplund,5
Dominik Kubalik,4
Tomas Jurco,5
Alexander Volkov,0
Noah Gregor,5
Joakim Nygard,0
Brandon Hagel,0
Danil Yurtaykin,0
Logan Shaw,6
Jesper Boqvist,5
Martin Kaut,0
Connor Bunnaman,0
Patrick Brown,0
Tim Gettinger,0
Ryan McLeod,8
Jackson Cates,0
Tanner Jeannot,3
Alex Wennberg,2
Daniel Walcott,0
Fredrik Handemark,0
Tanner Laczynski,0
John Leonard,0
Glenn Gawdin,0
Parker Kelly,6
Cole Caufield,0
Drew Shore,0
Drake Rymsha,0
Yegor Sharangovich,1
Philippe Maillet,0
Alex Belzile,0
Ross Colton,3
Dakota Joshua,0
Jeffrey Viel,0
Connor McMichael,0
Aleksi Heponiemi,0
William Lockwood,0
Alex Barre-Boulet,0
Brett Murray,0
Alexis Lafreniere,4
Mike Hardman,0
Jan Jenik,0
Samuel Morin,5
Vitali Kravtsov,5
Alex Newhook,0
Joe Veleno,8
Mathias Brome,5
Trevor Zegras,1
Ty Dellandrea,0
Hudson Fasching,0
Owen Tippett,0
Steven Lorentz,3
Reese Johnson,0
Marc Michaelis,0
Justin Richards,0
Ivan Chekhovich,0
Matthew Phillips,0
MacKenzie Entwistle,0
Maksim Sushko,0
Morgan Barron,0
Jonah Gadjovich,0
Rasmus Kupari,0
Nils Hoglander,4
Lane Pederson,5
Tanner Kero,5
Tim Stutzle,6
Alexander Barabanov,1
Peyton Krebs,8
Byron Froese,0
Cole Smith,0
Garrett Pilon,0
Josh Dunne,0
Wade Allison,0
Drew O'Connor,0
Quinton Byfield,6
Sean Malone,0
Grigori Denisenko,0
Jesse Ylonen,0
Mikhail Grigorenko,5
Philipp Kurashev,3
Nolan Foote,0
Tyce Thompson,0
Marian Studenic,0
Arthur Kaliyev,4
Dylan Cozens,2
Liam O'Brien,0
Adam Ruzicka,0
Kole Lind,0
Radim Zohorna,0
Pius Suter,2
Arttu Ruotsalainen,5
Brian Pinho,0
Joseph Cramarossa,0
Alexander Chmelevski,0
Kirill Kaprizov,7
Oskar Steen,0
Mikhail Maltsev,0
Michael McCarron,5
Nicholas Robertson,0
Shane Pinto,0
Jayden Halbgewachs,0
Nick Merkley,0
Alex Steeves,0
Isaac Ratcliffe,0
Pavel Dorofeyev,0
Cameron Hillis,0
Jonas Rondbjerg,0
Adam Raska,0
Marc McLaughlin,0
Brandon Baddock,0
Matias Maccelli,4
Josiah Slavin,0
Bobby Brink,0
Alexander Holtz,0
Connor Dewar,5
Hayden Hodgson,0
Michael Pezzetta,6
Axel Jonsson-Fjallby,5
Kirill Semyonov,0
Cole Reinhardt,0
Benoit-Olivier Groulx,0
Matty Beniers,0
Alex Turcotte,0
Brayden Tracey,0
Ben Meyers,0
Aliaksei Protas,5
Walker Duehr,0
Fredrik Karlstrom,0
Samuel Fagemo,0
Thomas Novak,5
Mason McTavish,0
Turner Elson,0
Riley Tufte,0
Jack Drury,0
JJ Peterka,0
Brett Leason,5
Filip Hallander,0
Mike Vecchione,0
Jonathan Dahlen,4
Matt Boldy,4
Jake Leschyshyn,5
Blake Speers,0
Cole Sillinger,3
Brandon Duhaime,6
Boris Katchouk,6
Cole Schwindt,0
Scott Reedy,5
Rafael Harvey-Pinard,0
Michael Carcone,0
Kyle Criscuolo,0
Kent Johnson,0
Philip Tomasino,6
Mason Shaw,0
Brandon Biro,0
Ben Jones,0
Mitchell Chaffee,0
Jack Quinn,0
Fabian Zetterlund,0
Max Willman,0
Sasha Chmelevski,5
Jake Neighbours,0
Trey Fix-Wolansky,0
Paul Cotter,0
Nicholas Paul,2
Chase Pearson,0
Linus Sandin,0
Taylor Raddysh,1
Valtteri Puustinen,0
Alexei Toropchenko,5
Gabriel Fortier,0
Jeff Malott,0
Viktor Lodin,0
Jacob Perreault,0
Bokondji Imama,0
Vladimir Tkachev,0
Marco Rossi,0
Mark Kastelic,0
Bryce Kindopp,0
Jesper Froden,0
Kristian Reichel,0
Carson Meyer,0
Hendrix Lapierre,0
Vasily Podkolzin,6
Riley Damiani,0
Nicholas Abruzzese,0
Lucas Raymond,1
Seth Jarvis,1
Lukas Reichel,0
Dawson Mercer,2
Gregory Hofmann,5
Jasper Weatherby,6
Adam Beckman,0
William Eklund,0
Noah Cates,2
Egor Sokolov,0
Ben McCartney,0
Michael Eyssimont,0
Seth Griffith,5
Jack McBain,0
Andrew Poturalski,0
Sampo Ranta,0
Anton Lundell,2
Thomas Bordeleau,0
Kasper Bjorkqvist,0
Jacob Peterson,5
Yegor Chinakhov,5
Joe Snively,0
Gerry Mayhew,6
Justin Danforth,0
Cole Perfetti,4
Tyler Angle,0
Juuso Parssinen,6
Jean-Luc Foudy,0
William Bitten,0
Joel Teasdale,0
Arnaud Durandeau,0
Mikael Pyyhtia,0
Tommy Novak,4
Will Cuylle,0
Luke Philp,0
Joona Koppanen,0
Matt Coronato,0
Elliot Desnoyers,0
Sam Poulin,0
Nikita Nesterenko,0
Aatu Raty,0
Ridly Greig,5
Nils Aman,8
Nick Swaney,0
Alex Barr-Boulet,0
Nick Abruzzese,0
Pontus Holmberg,5
Alexis Lafrenire,3
Semyon Der-Arguchintsev,0
Olle Lycksell,0
Luke Evangelista,5
Cole Koepke,0
Samuel Walker,0
Shane Bowers,0
Anton Levtchi,0
Juraj Slafkovsky,6
Dylan Holloway,6
Jonatan Berggren,8
Elmer Soderblom,5
Alexey Toropchenko,8
William Dufour,0
Lukas Rousek,0
Kirill Marchenko,4
Shane Wright,0
Bobby McMann,0
Lucas Condotta,0
Matthew Knies,0
Egor Afanasyev,0
Justin Kirkland,0
Damien Giroux,0
Wyatt Johnston,1
Sean Farrell,0
Andrei Kuzmenko,1
Cole Guttman,0
Jonathan Gruden,0
Hugh McGing,0
Tyson Foerster,0
Aidan McDonough,0
Fredrik Olofsson,5
Marco Kasper,0
James Hamblin,0
Jakub Lauko,5
Simon Holmstrom,6
Owen Beck,0
Callahan Burke,0
Oskar Olausson,0
Nikita Alexandrov,5
Danil Gushchin,0
Jakob Pelletier,5
Dylan Guenther,5
Milos Kelemen,0
Tristen Robins,0
David Gust,0
Jacob Lucchini,0
Tim Sttzle,7
Hunter McKown,0
Pavol Regenda,0
Matej Blumel,0
Jeremy Morin,0
Ben Smith,0
Jan Mursak,0
Adam Hall,8
Tomas Vincour,0
Jonas Andersson,0
Joe Vitale,0
Chris VandeVelde,0
Joey Crabb,5
Justin DiBenedetto,0
Patrice Cormier,0
Cory Emmerton,0
Andrew Desjardins,8
Eric Wellwood,0
Joe Colborne,0
Patrick Rissmiller,0
Brodie Dupont,0
Evan Brophey,0
Colton Gillies,5
Cody McCormick,5
Aaron Palushaj,0
Spencer Machacek,0
Chris Mueller,0
Brandon McMillan,5
Brett MacLean,0
Linus Omark,0
Jeremy Colliton,0
Jeremy Williams,0
Nikolay Zherdev,1
Lance Bouma,3
Johan Harju,0
Tomas Kubalik,0
Hugh Jessiman,0
Aaron Volpatti,5
Teemu Hartikainen,5
Stefan Della Rovere,0
Marcel Mueller,0
David Van Der Gulik,0
Scott Timmins,0
Rob Klinkhammer,0
John Zeiler,0
Colin Greening,5
Dana Tyrell,0
Brandon Mashinter,0
Francis Lessard,0
Darryl Boyce,5
Travis Morin,0
Jacob Josefson,5
Josh Green,0
Philip McRae,0
Andreas Engqvist,0
Nick Drazenovic,0
Carson McMillan,0
Jordan Caron,5
Carl Klingberg,0
Roman Wick,0
Dwight King,3
Brad Mills,0
Stephane Da Costa,0
Evgeny Grachev,0
Ryan Hollweg,0
Colin Stuart,0
Jim O'Brien,0
Matt Frattin,0
Alexander Burmistrov,3
Peter Forsberg,0
Mark Olver,5
Mattias Tedenby,0
Jon Matsumoto,0
Michael Zigomanis,0
Cody Hodgson,0
Peter Schaefer,0
Rhett Rakhshani,0
Luke Adam,0
Tommy Wingels,8
Kevin Westgarth,5
Brett Sterling,0
Jiri Hudler,1
Greg Nemisz,0
Alexander Vasyunov,0
Bill Thomas,0
Stefan Meyer,0
Chris Porter,5
Ben Holmstrom,0
Anthony Stewart,3
Matt Kassian,0
Jamie Arniel,0
Cody Bass,0
Blake Geoffrion,5
Linus Klasen,0
Carter Ashton,0
Kristopher Foucault,0
Maxime Macenauer,5
Ryan Garbutt,5
Ryan Russell,5
David McIntyre,0
Chad Rau,0
Lane MacDermid,0
Brandon Bollig,6
Matt Fraser,0
Jeremy Welsh,0
Milan Kytnar,0
Bracken Kearns,0
Harry Zolnierczyk,0
Brett Bulmer,0
Mark Bell,0
Krys Kolanos,0
Ryan Hamilton,0
Patrick Maroon,0
Carter Camper,0
Jon Disalvatore,0
Jaromir Jagr,1
Bill Sweatt,0
Louis Leblanc,0
Matt Watkins,0
Andy Miele,0
Scott Glennie,0
Lennart Petrell,5
Ryan Thang,0
Travis Turnbull,0
Joakim Lindstrom,6
Mike Angelidis,0
Mike Connolly,0
Anton Lander,5
Andre Petersson,0
Andrew Joudrey,0
Roman Horak,0
Peter Holland,5
Pierre-Cedric Labrie,0
Max Sauve,0
Derek Whitmore,0
Akim Aliu,0
Mark Cullen,0
Philippe Cornet,0
David Ullstrom,5
Corey Tropp,6
Greg Rallo,0
Jarod Palmer,0
Trevor Smith,0
Jimmy Hayes,5
Joakim Andersson,5
Matt Pelech,0
Harri Pesonen,0
Joonas Rask,0
Roman Cervenka,6
Matt Anderson,0
Eric Selleck,0
Taylor Beck,0
Emerson Etem,5
Chris Brown,0
Mark Arcobello,0
Max Reinhart,0
Beau Bennett,5
Dave Dziurzynski,0
Sean Collins,0
Patrick Bordeleau,0
Jared Staal,0
Carter Bancks,0
Jordan Schroeder,5
Ben Hanowski,0
Jamie Tardif,0
Brian Flynn,6
Jason Akeson,0
Chris Terry,0
Jonathan Rheault,0
Quinton Howden,5
Nicklas Jensen,0
Tye McGinn,5
Steven Pinizzotto,0
Nicolas Blanchard,0
Nail Yakupov,4
Drew LeBlanc,0
Christian Thomas,0
Kevin Henderson,0
Damien Brunner,4
Daniel Bang,0
Pascal Pelletier,0
Eric O'Dell,0
Brett Gallant,0
Mike Sislo,0
Johan Sundstrom,0
Spencer Abbott,0
Craig Cunningham,0
Joe Whitney,0
Cody Kunyk,0
Eriah Hayes,0
Linden Vey,0
Zach Sill,0
John Persson,0
Justin Johnson,0
Jerry D'Amigo,0
Mitch Callahan,0
Michael Bournival,5
Mark Van Guilder,0
Luke Gazdic,5
John Albert,0
Adam Payerl,0
Nicolas Deschamps,0
Patrick Holland,0
Landon Ferraro,0
Teemu Pulkkinen,0
David Broll,0
Matt Lindblad,0
Bryce Van Brabant,0
Peter LeBlanc,0
Jamie Devane,0
Bill Arnold,0
Justin Fontaine,6
Joonas Nattinen,0
Lucas Lessio,0
Will Acton,0
Kellan Lain,0
Freddie Hamilton,0
Michael Latta,0
Michael Zalewski,0
Simon Moser,0
Justin Florek,0
Mike Halmo,5
Alex Khokhlachev,0
Matt Carey,0
Stanislav Galiev,0
Josh Jooris,8
Emile Poirier,0
Colin Smith,0
Curtis McKenzie,0
Petr Straka,0
Andrew Miller,0
Andrej Nestrasil,4
Borna Rendulic,0
Daniil Tarasov,0
Nick Shore,8
Kyle Baun,0
David Wolf,0
Brendan Shinnimin,0
Ronalds Kenins,0
Dennis Everberg,0
Brandon Kozun,0
Bobby Farnham,0
Iiro Pakarinen,0
Casey Bailey,0
Dominik Uher,0
Justin Hodgman,0
Ryan Bourque,0
Bogdan Yakimov,0
Curtis Hamilton,0
Max Friberg,0
Henrik Samuelsson,0
Bobby Robins,0
Tyler Gaudet,0
Joey Hishon,0
Kael Mouillierat,0
Brendan Woods,0
Brody Sutter,0
Shane Prince,0
Jiri Sekac,5
Bryan Lerg,0
Brandon DeFazio,0
Brendan Ranford,0
Justin Shugg,0
Brian Ferlin,0
Christoph Bertschy,0
JC Lipon,0
Jacob De La Rose,5
Sergei Plotnikov,6
Joonas Kemppainen,6
Brian O'Neill,5
John McFarland,0
Anton Slepyshev,6
Tyler Randell,5
Bud Holloway,0
Viktor Tikhonov,6
Daniel Catenacci,0
Taylor Leier,0
Tobias Lindberg,0
Alexandre Grenier,0
Marek Hrivik,0
Alex Friesen,0
Michael Keranen,0
Sergey Tolchinsky,0
Paul Thompson,0
Dennis Rasmussen,5
Scott Kosmachuk,0
Cole Schneider,0
Michael Mersch,0
Joel Vermin,0
Sergey Kalinin,6
Hunter Shinkaruk,0
Mark McNeill,0
Nicholas Baptiste,0
Matt Lorito,0
Tanner Richard,0
Connor Jones,0
Patrick Cannone,0
Roman Lyubimov,6
Ben Thomson,0
TJ Tynan,0
Nicolas Kerdiles,0
Christopher DiDomenico,0
Nick Sorensen,0
Mike Liambas,0
Garrett Mitchell,0
Shane Harper,0
Joseph LaBate,0
Samuel Henley,0
Griffen Molino,0
Anton Rodin,0
Zack Mitchell,0
Daniel O'Regan,0
Justin Auger,0
Giovanni Fiore,0
Alex Broadhurst,0
Curtis Valk,0
Victor Ejdsell,0
Chase Balisy,0
Vadim Shipachyov,0
Andrew Crescenzi,0
Spencer Foo,0
Henrik Haapala,0
Ben Sexton,0
Morgan Klimchuk,0
Shane Gersich,0
Martins Karsums,5
P.J. Axelsson,3
Tom Cavanagh,0
Kurtis McLean,0
David Sloane,0
Ilya Zubov,0
Craig MacDonald,0
Kyle Greentree,0
Jiri Novotny,6
Jason Krog,0
Ben Ondrus,0
Nate Raduns,0
Ville Peltonen,3
Mike Iggulden,0
Josh Gratton,0
Per Ledin,0
Tyler Arnason,8
Petr Vrana,0
Kris Chucko,0
Jakub Petruzalek,0
Mathieu Dandenault,6
Steve Regier,0
Richard Zednik,1
Mike Sillinger,0
Riley Armstrong,0
Chris Gratton,5
Michael Peca,8
Brett McLean,3
Joel Lundqvist,5
Aaron Downey,0
Dan Lacouture,0
Gary Roberts,5
Jordan Lavallee-Smotherman,0
Sean Bentivoglio,0
Joe Sakic,5
Jason Ward,0
Dan Hinote,6
Mitchell Fritz,0
Michel Ouellet,0
Brendan Shanahan,6
Tomas Plihal,6
Darren McCarty,0
Alexander Nikulin,0
Jesse Boulerice,0
Graham Mink,0
Jeff Hamilton,5
Garth Murray,0
Sergei Fedorov,4
Bobby Holik,6
Cam Paddock,0
Connor James,0
Ryan Bayda,8
Michael Ryan,0
Craig Weller,5
Viktor Kozlov,4
Markus Naslund,1
Radek Bonk,4
Andre Roy,5
Eric Perrin,3
Landon Wilson,5
Jeremy Roenick,6
Antti Pihlstrom,6
Michael Nylander,4
Mats Sundin,6
Janis Sprukts,0
Mike York,0
Claude Lemieux,0
Lukas Kaspar,0
Janne Pesonen,0
Boyd Devereaux,5
Joseph Motzko,0
Barry Tallackson,0
Dan Fritsche,6
